<Client>
	<DeviceId>
		<DisplayName>Samsung Smart TV (J UHD Series)</DisplayName>
		<DeviceDescriptionRecognition>
            <!-- J series from 2015 -->
			<DescriptionText>Samsung RVU UHD TV</DescriptionText>
			<!-- Taken from ProductCap entry -->
			<DescriptionText>Y2015,</DescriptionText>
		</DeviceDescriptionRecognition>
		<MappingUpdatePolicy>FIX</MappingUpdatePolicy>
	</DeviceId>
	<Adaptations>
		<DLNA>
			<Version>DLNA15</Version>
			<PretendServer>SAMSUNGFEATLIST</PretendServer>
		</DLNA>
		<MimeTranslations>
			<MimeTypeMapping>
				<In>video/x-matroska</In>
				<Out>video/x-mkv</Out>
			</MimeTypeMapping>
			<MimeTypeMapping>
				<In>video/mpeg2</In>
				<Out>video/mpeg</Out>
			</MimeTypeMapping>
			<MimeTypeMapping>
				<In>audio/mp4</In>
				<Out>audio/x-m4a</Out>
			</MimeTypeMapping>
			<!-- Accepted by TV, fails to render, but no error notification. -->
			<MimeTypeSuppress op="push">image/gif</MimeTypeSuppress>
			<!-- MIDI and WMAPRO profile not supported by TV. -->
			<MimeTypeSuppress>audio/x-midi</MimeTypeSuppress>
			<MimeTypeSuppress>WMAPRO</MimeTypeSuppress>
		</MimeTranslations>
		<ProfileTranslations>
			<ProfileMapping>
				<!-- Requires a default profile even if content is not DLNA -->
				<In>audio/mp4</In>
				<Out>ISO_AAC</Out>
			</ProfileMapping>
			<ProfileMapping>
				<In>audio/x-m4a</In>
				<Out>ISO_AAC</Out>
			</ProfileMapping>
		</ProfileTranslations>
		<ScreenResolution>3840x2160</ScreenResolution>
		<DefaultView>flat</DefaultView>
	</Adaptations>
	<Capabilities> 
		<Scaling>
			<Target>JPEG3840x2160</Target>
			<Target>JPEG1920x1080</Target>
			<Target>JPEG640x480</Target>
			<Target>JPEG160x160</Target>
			<Target>JPEGORG</Target> 
		</Scaling> 
                <SupportedMediaProfiles>
                        <Profile>AASCALE#JPEG640x480</Profile>
                </SupportedMediaProfiles>
	</Capabilities>
	<DeviceQuirks>
		<Quirk>NEEDS_THUMBNAIL_CI_FLAG</Quirk>
		<Quirk>KEEP_RES_4_THUMBNAIL</Quirk>
		<!-- Device selects original image even if it is too large
		     to display. -->
		<Quirk>ONE_RES_ONLY</Quirk>
		<Quirk>FORCE_DURATION</Quirk>
		<Quirk>NEEDS_OP01_ON_TRANSCODED_FILES</Quirk>
		<Quirk>SUPPRESS_SEEK_ON_GROWING_FILES</Quirk>
		<Quirk>FORCE_4TH_FIELD</Quirk>
		<!-- Ignore wrong STOPPED state in metadata update events. -->
		<Quirk>ignore_state_in_metadata</Quirk>
		<!-- Device returns an error for Play if TRANSITIONING on its own
		     after SetAVTransportURI. -->
		<Quirk>need_no_play_4_setavt</Quirk>
		<!-- Broken based on 3rd party feedback. -->
		<Quirk>BROKEN_SETNEXT</Quirk>
		<Quirk>CAPTIONINFO</Quirk>
	</DeviceQuirks>
</Client>
