<Client>
	<DeviceId>
		<DisplayName>Samsung Photo Player</DisplayName>
		<DeviceDescriptionRecognition>
			<DescriptionText>SPF-72V</DescriptionText>
		</DeviceDescriptionRecognition>
		<MappingUpdatePolicy>FIX</MappingUpdatePolicy>
	</DeviceId>
	<Adaptations>
		<DLNA>
			<PretendServer>WMC</PretendServer>
			<Version>DLNANO</Version>
		</DLNA>
		<MimeTranslations>
			<MimeTypeMapping>
				<In>video/x-msvideo</In>
				<Out>video/avi</Out>
			</MimeTypeMapping>
			<MimeTypeMapping>
				<In>audio/mp1</In>
				<Out>audio/mpeg</Out>
			</MimeTypeMapping>
			<MimeTypeMapping>
				<In>audio/x-mpeg</In>
				<Out>audio/mpeg</Out>
			</MimeTypeMapping>
			<MimeTypeMapping>
				<In>video/mpeg2</In>
				<Out>video/mpeg</Out>
			</MimeTypeMapping>
			<MimeTypeMapping>
				<In>audio/x-wav</In>
				<Out>audio/wav</Out>
			</MimeTypeMapping>
		</MimeTranslations>
	</Adaptations>
	<DeviceQuirks>
		<Quirk>KEEP_RES_4_THUMBNAIL</Quirk>
		<Quirk>ONE_RES_ONLY</Quirk>
	</DeviceQuirks>
</Client>
